열자	2
관광	23
겸허	1
연평도	4
조명	1
삶의 질	27
처리	5
오랫동안	4
쿠데타	2
영역	10
전자	9
전임	3
상담실	1
성묘	1
현행	2
빚더미	1
전쟁	54
구체화	4
일렬	1
시작	102
경하	1
한복판	1
화가	1
시일	4
신년사	19
생애	3
연정	2
표준	1
영예	4
자치단체	1
대덕	1
상주	1
차입	1
퇴폐	1
남미	5
노사모	1
응분	1
승부차기	2
염원	23
공중조기경보통제	1
시장	105
기존	6
회장단	3
프리미엄	1
헌법	10
위원	3
태양광	2
차이	7
기조	8
경제지표	2
형편	12
주지	1
실용	2
신의	2
남발	1
전적	1
강화도	1
정열	5
세모	1
진통	6
촌각	1
비서실	8
외교사절	9
약화	5
자영업	4
월경	1
신음	1
겨레	22
일로	1
선부	1
자리매김	2
전제	9
융성	24
이름	6
오각성	1
천리	1
정예	3
겨례	1
격려	17
생업	5
남방	4
완비	1
가게	2
관권	1
미얀마	1
젊음	1
해인	4
분권	2
제압	1
시정	6
가일층	2
예언	2
농사	1
시점	17
월초	1
사	8
대응책	1
참여	136
경험	33
산	8
컨디션	1
쌍수	1
안보	96
시절	8
제안	16
삶	49
조달청	1
원군	1
열정	14
팽창	1
나비	2
초청	4
가격	14
신임	2
무한	17
고통	33
구상	3
상	3
기준	13
새	2
참예	1
자릿수	2
도발	25
대동	3
민주국가	4
분규	1
아시아	35
조문	1
가계	8
자활	2
지난 시	2
합의서	4
땅굴	1
물품	5
신장	12
저주	3
도리도	1
사다트	1
각고	2
실의	4
초과	5
국민소득	26
민족의 저력	4
불가능	10
중·장기	1
근대화	27
비정규직	29
각계	28
국산	3
중장기	2
영원	1
인류	34
제약	1
불굴	7
한쪽	3
대폭	1
지능	1
재판	2
1월 1일	2
표지	1
우고 정	1
국제통화기금	4
노동자	23
일원화	1
중점	8
발리	1
승격	3
향수	1
점유	1
내실화	3
추방	3
절제	5
작은 정부	14
위임	1
구제역	2
슬기	26
서	2
사찰	1
직능	5
방방곡곡	10
소년	1
선	17
안부	1
오신	11
설	1
계해	2
군사	10
문명사	1
폭락	1
상징	8
하청만	1
열린우리당	3
간첩	2
특별	7
시종	1
창업	13
성	2
해제	3
어떤 나라	6
의분	1
영위	3
분기	6
청렴	1
승공	1
일류	74
가교	2
정월	1
맹방	1
용단	1
국민 총생산	1
대표	8
싱가포르	3
반면	8
중동 전쟁	1
여지	2
관치	3
고용없는 성장	1
구성	5
사건	14
부지런	1
군살	1
군산	1
동맹	11
농수산	1
경황	2
지대	2
충만	12
휘하	1
공업국	1
허브	4
사격	1
가군	1
예외	3
스타트	1
소득층	9
호남	2
요행	5
서해안고속도로	1
천명	2
전투력	1
광주민주화운동	1
무형	1
파당	1
압박	1
가구	10
질투	1
아주머니	2
환경	160
수산	4
가축	2
영일	2
실적	18
열중	1
기지	4
집념	1
반목	3
천연가스	1
경기만	1
수사	2
속	196
신생국가	1
한마디	4
손	22
원칙	49
당선자	8
재편	3
각국	11
7.4공동성명	2
촉구	3
등록	1
대풍	4
투기	6
실제	7
각축	1
제2차	15
주변국	2
국민운동	3
결론	4
이해관계	5
솥	1
하강	3
실정	4
시간대	1
당선인	1
사고	11
개척자	1
월급	1
시중	1
아무도	1
소통	5
수상	1
정유	1
생활난	1
대부분	13
리에	1
구속	2
영자	1
설비	4
그날	2
진단	2
신종	2
한미정상회담	1
판단	3
폭력	8
제외	2
남북대화	8
적지	1
기업도시	3
사과	2
모임	4
남북	107
국민주권	1
음식업	1
영재	1
배럴	3
저지	1
바이든	1
회원	2
세배	1
금강산	4
배려	5
감각	1
우선순위	1
이라크	2
며칠	5
대등	1
체력	3
치안	6
확충	33
꾸러미	1
속도감	2
충격파	1
담화	1
정의	27
광고	1
준법정신	1
모작	1
모자	1
특성화 고등학교	1
프랑스	5
적반하장	1
정작	1
호텔	1
태풍 매미	2
문화	126
지평	1
폭로	1
문호	1
융성기	1
윗옷	1
자랑	14
축복	47
출발	36
발목	11
지도	4
술	1
파도	2
한강	1
전직	3
층집	3
전지	2
리스크	1
숨	4
붕괴	6
비즈니스	7
신중	2
선구자	2
초기	4
한간	2
숲	2
개최국	1
고대	3
치료제	4
손톱	1
휘호	1
배로	2
십이	1
각층	5
공산국가	1
한참	3
우대	4
대한	5
가치	16
대학	39
행운	12
정쟁	2
회의	24
단련	1
파동	1
전진	97
유럽연합	1
보상	6
육아	2
계획	73
냉전시대	1
어르신	5
일면	4
위주	6
출범	34
돌변	1
오존층	1
더 가까이	2
기본법	10
비례	2
목전	1
수소	4
목적	5
결전장	3
대항	1
공정거래위원회	1
새아침	24
최첨단	4
행위	10
차지	10
회장	13
월스트리트저널	1
치열	1
지표	12
당황	2
교역	2
벌충	1
숙소	2
감격	7
자력	1
접종	5
수송	1
학계	3
망상	2
리우	2
농어촌	6
달러	2
걸림돌	1
20세기	8
진도	1
스와프	3
친애	74
주가	9
창의	34
청마	5
변이	1
스	3
제의	6
홍콩	1
과거사	1
한국판	5
피크	1
유엔	4
김정은	3
승리감	1
심정	7
흥국	1
중증	3
소비자	4
인턴십	1
차질	18
경계심	1
사업장	1
그래프	1
진보라	1
환기	1
참정	1
중진	1
주책	1
싸움	1
하이브리드	1
유역	5
구슬	1
참전	1
중지	2
내복	3
인문	1
정체성	2
구습	1
시	3
종목	1
여성 지도자	13
생전	2
신	3
다자간	1
김정일	1
쓰레기	1
외면	7
예전	2
질도	1
상봉이	1
용품	2
고동	1
심	5
제작	1
구실	2
주거	5
창작	1
후세	1
해주시	10
유예	3
고도	7
사회봉사	1
한계	8
반미	3
일본인	1
싹	2
사업자	1
채용	11
쌀	6
흉년	1
유네스코	3
프랜	1
대형	1
국제회의	5
균등	2
콘텐츠	9
학교	24
골대	1
메달	5
1월 2일	1
예정	14
구심	2
수순	1
사기	7
기숙형 고등학교	1
경력	2
비료	2
속담	1
낭비	14
주체	27
중소기업	96
치욕	1
자료	1
건설	108
금융실명제	5
경로	1
종묘	2
병역	2
집단	10
총체	3
생존	14
사치	4
재학	1
기적을	1
기술부	1
국민연금	4
워크	1
협동심	1
대화	82
삼척	2
실직	4
피눈물	1
중공업	3
동반	23
활기	4
타박	1
손님	6
세부	1
1월 4일	1
재해	6
변전	1
후속	3
후손	18
부탁	12
강원도	1
내부	9
요즈음	3
사재기	1
다리	1
매사	1
제정	14
병오	2
순수	2
무력	12
품위	2
시민사회	8
최악	2
제전	1
헝가리	2
자유무역	3
완성	12
공통	4
워킹	1
사령관	1
장애인	7
주곡	1
실질	18
다만	1
지하	2
인류애	1
수습	3
노예	2
한국	168
이번	34
신혼부부	1
나머지	6
수석실	1
감축	5
교원	1
스톱	1
대회	21
희구	3
인민	1
차상위	1
주관	1
총괄	1
정주	1
선생	1
부터	2
여개	1
공치사	1
기업가	6
점진	5
스포츠	12
3분	2
보수	5
한마당	1
그늘	1
행정	22
운동	35
풍요	6
기간	22
재현	1
영남지방	1
하기	3
시장 점유율	2
교육	96
책임	82
가슴속	1
야만	3
창조	43
무장간첩	1
학급	1
반복	2
제조	1
속도	38
치유	2
간소화	2
고추장	1
복수	2
자동차업계	1
공기업	9
음속	1
침략국	1
풍운	1
안전한	1
멕시코	3
영향력	1
북녘	11
강구	7
측근	3
특별법	9
개척	24
5부	1
준공	2
강국	39
학기	3
합창	1
중심부	1
상처	4
기강	8
윷가락	1
두기	2
소포	1
주최	12
유적지	1
지향	9
기록 관리	1
비리	6
자리	107
일반	5
상경	3
절대다수	3
저감	1
연간	7
종지부	2
진학	4
무료	1
여건	43
국제기구	2
물량	6
살길	8
새천년	27
균형	18
유의	3
!!	3
마음가짐	1
자만	7
획기적	30
잿더미	3
임무	5
금년	108
항간	1
협력	180
건수	4
자립	27
일방	10
상담원	1
방문	19
이미지	3
검사	2
화물연대	1
한글	2
오염	6
지역감정	6
위기관리	3
유일	5
지혜	28
대정향교	1
최저임금	2
완수	15
의사	3
월남	20
10월 26일	2
정지	6
정직	5
정진	5
선생님	9
미세	1
봉사단	2
우등	1
체면	1
당력	1
진행	24
명기	1
합계	1
분노	1
벤처	14
편성	3
밸리	1
사실은	1
나프타	1
역경	14
허세	2
인내력	3
원년	12
문화생활	1
환경오염	2
법치	3
민생	66
강원룡	1
거시	5
중,고등학교	1
제주	1
지역주의	5
측우기	1
보시	1
전개	14
기계	6
인계철선	1
일변도	1
공단	2
공정사회	1
세계인	12
가난	5
장래	15
증명	8
근대	4
악성	1
이북	8
전임자	1
유동성	7
사자성어	2
예지	1
새것	3
경제사회이사회	1
전기료	2
자주권	1
골프장	1
문명국가	1
열차	1
주기	2
시간	38
공동 성명	1
진료비	2
저격	1
공당	2
물론	3
양성평등	2
열강	1
마닐라	1
전차	1
시각	3
풍작	1
혁명	18
안타까움	2
맨손	1
허송	1
소득수준	1
개국	1
기관	33
전제하	1
소득	53
국민기초생활 보장법	1
연계	3
전문대학	1
기초	33
집대성	1
고향	5
건승	10
동부	1
12월	1
중앙아시아	2
공산군	5
봉사	19
개최	19
탈법	1
신인도	1
연결	13
표출	1
발본색원	1
상호금융	1
의석	2
대량	3
선수	37
착각	2
충북	1
일본	56
실업률	4
총동원	7
무리	8
난 주	1
자멸	2
기초과학	16
시책	7
본시	1
상권	1
유적	1
극도	1
연초	16
계류	1
밴쿠버	5
지도자	51
장려	3
혼동	2
음식	1
골프	1
진화	2
중간	4
출발점	5
해갈	1
역사학자	1
절감	9
협의체	1
고속철도	1
극동	1
혼돈	2
노인	13
큰일	1
검소	6
공교육	6
상궤	1
덩어리	4
현명	1
핑크	1
격변	6
만약	2
말씁	1
말씀	53
전체	35
기구	12
지성인	1
특색	1
빈곤감	1
후견인	1
국정원	3
경기후퇴	1
첨병	1
프리	1
어둠	7
절차	4
직후	2
역군	4
국가군	1
사명감	6
제지	1
분투	3
정보기관	1
지휘	1
이남이	1
광산업	1
안	62
논의	13
대로	1
알선	2
중책	1
찬가	1
운행	2
반도체	12
방위력	1
회복세	3
이명박 정부	8
격세지감	1
암	1
앞	143
전과	6
공평	2
전시 작전통제권	2
부담	32
연구	41
낙심	1
전공	4
악수	2
노동관계법	4
앱	2
재래	2
생계비	5
선수권	2
과다	1
추사	1
공포	8
개발도상국	7
특성	8
성사	2
항구	4
농약	1
질환	1
물류	16
저축	6
국가관	3
우호	5
양	18
공동	30
시골	3
적국	2
부대	3
상기	1
인혁당	1
풍조	1
효율	26
방법	8
일부	27
싸움터	1
남성	3
치중	2
중첩	4
축산	1
해결	95
사태	20
입법	6
경제민주주의	1
8월 23일	1
수출액	1
자문	1
실감	4
통상	5
얼	2
엄단	1
보고 싶다	1
부패	12
집행	20
차관	2
신경	4
업	1
성장세	2
배우자	1
봉쇄	3
기금	2
농업	11
도서	1
투자액	2
요망	2
농어	1
김일성	2
논쟁	2
선심	3
폭발	2
세라믹	1
개도국	2
기근	1
해체	4
재력	1
분당	1
무모	2
자기반성	1
관련국	1
분담	5
물리	1
국방력	4
지구촌	7
여	1
노조	6
파란	1
금자탑	4
박격포	1
연	5
전국	31
음식물 쓰레기	2
분단	23
경제면	5
열	3
전군	1
착공	1
해고	4
전방위	1
터널	7
손해	4
단말기	2
배반	1
적극	116
원단	1
연금	7
경술년	1
아시안 게임	1
침입	4
예	3
악습	1
시국	3
불능	1
성설	1
진흙	3
1970년대	3
벙어리	1
피폐	1
대덕연구개발특구	1
백방	1
이스라엘	1
외부	3
추석	1
구역	2
기기	1
부존자원	1
영어교육	1
편승	1
음식점	4
중공	2
자연재해	2
실천	55
12	1
개혁안	1
오	2
조사	13
19	32
문제 해결	5
세일즈	1
군사비	1
월스트리트 저널	1
올	1
재론	1
소홀	1
정치권력	1
평생	30
세기말	2
식구	1
옷	1
진흥	6
말엽	1
보금자리	2
영간	1
잘못	23
최적	1
기치	3
추세	8
최저	3
핵과	1
20	1
북편	1
긴급	4
그때	9
장률	3
시범단	1
홀리데이	1
낯선	2
조상	7
실체	1
경제구조	1
남해안	4
대륙	2
부도	5
맹서	2
양립	4
21세기	94
개방경제	1
정보통신	10
문명	2
하나	6
품질	7
과도	1
머리	5
솔선수범	6
중국	30
특수	4
민심	2
점검	5
마을	1
사업가	1
소방관	2
필리핀	1
비방	2
오점	3
오전	1
노태우	2
동행자	1
주최국	1
공적자금	1
정감	1
지로	1
다복	3
중궁	1
핵무기	3
원심력	1
의심	8
당면	19
방법론	1
출산	9
헌신	39
축소	6
세상	9
마음	95
자발	10
신국	1
욕	1
극한	1
소회	1
바이러스	1
의식	37
잠재력	11
영종도	1
등불	1
성공리	3
79년	1
조선	15
모아나	1
박관용	1
용	3
대립	12
신축	3
정착	42
가트	1
온누리	1
가능	46
우	4
거북선	1
최종	2
감내	3
불량자	6
전기	22
수업	3
빅뱅	1
유지	42
나가야	19
대통령 선거	5
각계각층	9
중추	1
다사다난	7
안심	13
국외	2
움	1
계묘	2
아프가니스탄	1
비법	1
정책	212
대망	6
시기	29
수여	2
이사회	1
조세	4
참가	8
접경	4
분단국	2
조성	26
대만	2
생각	297
국경 없는 기자회	1
선거공영제	1
기계화	1
융자	1
신규	6
정겨운	2
초당	2
상상력	4
가닥	2
구원	3
국운	32
밀실	2
대변혁	1
진력	1
평소	2
친지	4
끈기	3
호혜	3
접촉	2
위	70
병진	3
책임감	4
고속도로	3
윈	2
곤란	5
위축	12
민주당원	1
공항	2
포부	6
동아시아	4
성숙	29
차기	1
공학	4
대법원장	1
학년	2
일기도	1
철조망	1
회원국	4
수재민	1
단보	1
양면	1
부품	5
전대미문	2
유	4
박사	1
국위	9
정체	3
나노기술	3
불편	14
만일	3
영광	48
불완전	1
채명신	1
호황	1
융	1
보좌관	1
목격	3
스위스	1
재래시장	4
획책	1
자유의지	1
을	1
심경	1
해보면	2
고령	3
당무	1
읍	2
체불	1
정경	9
확대	73
고려	9
판로	1
정계	2
안전망	19
베이징	1
공헌	7
지역당	1
대면	2
수요	13
에게 해	1
육성법	1
두뇌	2
세계유산	1
다소간	1
우려	12
취로	1
극화	1
자본	19
이	60
장면	1
인	5
주택	25
분수령	5
정상회의	31
일	381
제가	11
8.15	1
병인년	1
루마니아	1
네트워크	4
고용보험제	1
입	4
연평해전	1
텔레비전	1
선도자	1
수용	2
구입	2
건강관리	1
도시	23
정상화	11
자	5
기성세대	3
영구	2
영국	4
징후	2
승패	2
민주정의당	22
사회주의 국가	3
국의	1
피땀	6
생계	7
회계	3
피해	5
90년대	4
사단	1
장	11
경제력	3
부동산	36
투표	1
세계무대	1
독식	1
만전	7
한강의 기적	3
위기	227
굴욕	1
제창	1
예견	4
국익	5
대목	2
예고	3
추심	1
경보	1
답방	1
리가	1
염치	1
보완	6
과학	58
성실	17
위치	22
제거	4
가동	5
계발	4
창건	2
회고	3
숙원	5
별개	2
통신	27
재배치	1
모국	3
적대감	2
이상	76
국민임대주택	2
정국	3
자부	6
제게	3
졸업자	2
토양	1
북한	157
공화국	8
서양	1
인터넷망	1
폐쇄	2
원자재	3
화평	2
본연	1
슬픔	1
중진국	2
내수	20
지리	1
각도	1
견인차	4
부합	2
연말연시	5
화포	1
쪽문	1
북핵	9
소련	7
전	60
성실로	1
발사	6
구절	1
인도네시아	1
반성	8
정권	19
점	41
그 후	1
반석	1
접근	2
정	9
캡슐	1
균형발전	30
제철	3
급등	2
러시아	12
한국개발연구원	1
상태	15
이성	1
정미년	1
평시	2
인사	60
의존도	2
대문	2
빈부	4
만족	7
발상	2
호흡	1
이라크 전쟁	2
기생충	1
규명	1
스케이트	1
개탄	2
강토	1
농정	4
덕택	2
누리	1
서열	1
제공	19
물밑	1
국민정당	1
수익	3
인색	1
나열	1
코리아	2
인상	13
김상하	3
핵안보정상회의	3
귀향길	1
한국병	2
발생	6
규모	21
통신망	7
하늘	10
국제	109
생산량	2
비상계엄	1
제고	4
국정	75
거울	1
회교	1
마중	1
경수로	1
철석	1
화두	2
용맹	2
선양	8
컨설팅	3
타성	3
복원	4
부모님	2
순위	4
진리	2
수임	1
존	1
동서	1
수입	4
경부	1
모금	1
녹색 뉴딜	1
인생	4
성장산업	7
역내	3
사도	2
선언	6
탄생	9
심금	1
보위	2
답보	1
대한민국의 국가	1
편안	9
특별회계	1
수재	2
햇볕정책	2
월드	1
구조	40
양민	1
원한	1
후원	2
관행	15
귀빈	22
날씨	2
증가세	1
인성	2
정기	1
내실	11
민국정부	1
자비	1
존슨	1
무성의	1
국제정치	1
군정	2
박수	5
독립운동	2
최소한	2
감수성	1
보육	11
내신	1
보유	4
낙오	5
한국통신	2
여년	2
새날	2
마스크	4
의장국	9
고립	1
제국	2
반세기	9
직면	5
산업구조	1
부활	2
상승세	1
선열	1
교착	1
교차	3
G5	2
판매	2
액수	1
습득	2
G7	4
G9	2
창구	1
고리	8
출시	1
연내	2
일상	19
출신	1
샌드박스	2
학대	1
혼란	24
종사	4
단체장	2
우리	5
용명	1
정무직	1
수정	1
중학교	2
창출	56
활동	35
유감	2
검약	2
경인년	1
허언	1
정지원	1
미연	5
대통령제	1
지목	2
제3공화국	2
시무식	5
유가	11
일생	2
정치	181
주	4
감당	3
폐습	1
호랑이	4
사용량	1
예측	12
이분법	1
인권법	2
명당	1
서울	21
청년 실업	1
기술자	4
처리장	1
복이	1
근래	2
쌀값	1
개통	2
쾌유	1
재무	1
유착	12
중	5
한국국제협력단	1
불행	11
제출	1
법대	1
허영	2
광저우	7
보장	40
긴급조치	1
격상	1
기술인	1
어로	2
머릿속	1
청와대	7
기념	1
문민정부	9
숙제	3
품격	3
일선	1
아랑곳	1
의약	1
마이너스	4
낙원	1
맞이	1
통찰력	1
이기주의	2
특정인	1
탄소	18
획기	1
안전보장	3
마음속	3
미완	2
공산당	5
응용	2
철수	4
각하	1
신한국당	4
탈세	1
연구소	2
1930년대	3
교체	6
건의	2
플러스	6
에너지	18
공략	1
네이처	1
영세민	2
비무장지대	3
중앙고속도로	1
굽이	1
청사	1
밀양	1
보전	17
응원	2
일소	2
남아	1
직무	3
동남아	3
중상모략	1
제기	5
거절	1
변칙	1
화합	29
1966년	1
상투	1
디지털 경제	2
원활	1
본인	52
까치	1
퇴보	1
양보	11
원화	2
증	1
화학	3
이만큼	1
장벽	2
감독	3
활성화	36
이바지	5
정보화 시대	7
교육기관	2
후발국	1
건재	1
불안감	4
언론	49
임사	1
방산	3
당부	35
종속	1
경제활동	6
거점	4
터득	1
소리	8
무역수지	9
교과	1
실수요자	2
청산	15
화해	22
석유	2
진흥청	1
손경식	2
한국민	1
지	2
걸음	11
직	2
진	2
한편	32
훈장	1
질	17
소망	44
나이	2
대책반	1
순조	3
짐	5
집	26
걱정	41
전세금	1
짓	1
장병	19
전념	5
재미	1
대변	2
외세	1
영산강	3
불화	1
감동	8
짝	2
과학기술위성	1
패러	1
후반기	1
정보화 사회	2
탐색	1
조국통일	2
재발	7
보육비	1
보조	2
수준	90
부흥	6
권역	1
근로	24
불황	18
고령자	1
안온	1
허용	8
갈등	30
명예심	1
8·15	1
위난	1
투자자	8
장학생	1
국민의 힘	9
일수	5
건전	6
좌석	1
건설업	1
훼손	3
공로	3
그룹	1
결산	1
경각심	1
자유 시장	1
보존	4
본전	1
재배	1
사다리	1
따돌림	1
공론	1
선의	1
눈물	6
건설역	1
헬스	3
의욕	26
민간인	2
전통	44
중남미	5
덕담	1
신바람	1
가호	9
규범	1
도약	111
제정부	3
한반도	82
국제사회	33
동시	23
초등학교	1
사학	2
동작중학교	1
총선거	2
키르기스스탄	1
물관리	5
상당	6
선인	1
고무	4
충실	8
새나라	1
88년	3
상대	11
실내	2
운명	12
말싸움	1
상담	1
고문	3
로스엔젤레스	1
포상	3
주도	41
손맛	1
완전	10
사항	6
성탄절	1
강도	2
어른	1
이정표	4
경제성장	21
문화콘텐츠	1
기능	5
의원	2
실태	4
소명	7
유출	1
노골	1
5.16	1
청소	1
신념	17
지배	10
질문	1
1960년대	1
지방	47
충심	36
피겨 스케이팅	1
연설문	8
신년	37
인식	26
노고	38
소용돌이	2
급락	1
금융노련	1
소모	6
기틀	23
참여도	1
감옥소	1
친구	5
여대	1
혼연일체	5
방송	28
휴대전화	1
프런티어	1
한중 관계	2
결성	1
여당	2
전세계	13
대북	7
병자년	1
5.18	1
그릇	2
황폐	1
서해안	1
승화	3
안위	1
수질	2
아이	12
사양산업	1
어머님	1
증산	7
지정학	4
역대	8
임술년	2
수지	1
산하	1
전투	2
산학	2
대대적	3
추억	1
어머니	4
한푼	1
편의	1
실물경제	2
사고방식	1
경제자유구역	2
준동	2
통역	1
행정력	1
기대	72
한국형발사체	1
결속	1
인건비	2
민의	1
응전	2
폭설	1
그림	3
꿈속	2
유통업	1
평화통일	15
반체제	1
아마추어	2
숫자	6
생방송	1
수확량	1
영남	2
해결력	1
종식	2
관심사	3
선제	8
선점	5
비상	21
국제수지	3
권위	2
선정	5
일실	1
사형	1
유급	1
평양	1
일시	10
선전	5
화물차	2
벨트	4
적대	1
유기	3
연대	14
고민	3
개편	11
부러움	1
최시중	1
백지장	1
조약	2
육아휴직	1
젊은이들	20
이라크전쟁	2
의의	1
파벌	1
최고	46
대학생	8
유치	6
고등학생	2
입술	1
모태	1
장비	7
현상	18
고발	2
시민운동	1
안일	6
노출	1
직업훈련	4
미제	1
소문	3
최초	7
자산	3
중심국가	16
믿음	20
자살	1
관련	29
다소	2
보증	2
고진영	1
앙양	1
먹구름	1
헌장	1
반갑습니다	2
칭찬	6
선조	5
자유민주주의	2
조업	1
효과	35
태산	2
조언	3
허점	1
대비	34
민족중흥	3
침체	15
의장	1
하향	1
흥망성쇠	1
크기	2
참석자	4
파병	3
마감	5
농림지	1
우방	18
현대화	1
평온	3
전담	1
설정	4
도움	43
한때	3
감행	1
섬유	4
전당	1
나중	1
역도	1
대명사	1
전달	4
특위	1
재활용	6
상반기	13
노동조합	5
나주	1
수출입	2
시니	2
거짓	2
사회	384
재작년	3
막강	5
복지	79
권익	2
공립	1
마찰	2
사후	3
기도	3
한해	54
추격자	1
생태	5
원론	1
초래	4
합동	3
메모리	1
권장	2
뒷조사	1
민정	3
침공	4
얼마	10
윤기	1
역동	8
사교육	4
자화자찬	1
잠수정	1
경사	1
후진	2
구석구석	4
특유	3
LG카드	1
최대한	20
다수	1
상표	1
안전	55
성원	23
영토	7
약속	26
진보	10
자세	35
단속	2
실크로드	1
시대	268
축원	16
방식	15
러브호텔	1
임신	1
자신감	31
태세	27
만개	1
가전제품	1
본질	1
문화재	1
연도	2
지붕	1
출연	1
경쟁자	1
겸손	1
사이버	1
지불	2
헌정	4
달성	41
안정	175
개표	1
정년	4
작성	1
차단	2
관료	2
저도	5
가량	4
의제	2
만강	2
시민주권	1
에베레스트	1
절대	11
친환경	7
민족	172
극단주의	1
촌락	6
투자율	1
추위	3
직접투자	5
근면	21
중단	18
입시	14
폐업	1
김광현	1
방심	6
적폐	1
반기문	1
주한	10
직분	8
떡국	2
가산점	1
시국관	1
직불	2
상품	15
내리막	1
구가	1
신당	4
강행	2
각	2
도의	2
의존	15
소방	1
농가	1
밀접	5
한국의 경제	1
쇠퇴	2
남북한	16
환희	1
미중	1
질병	3
트리플 크라운	1
값	6
강	6
사망자	2
중대	2
해대	1
연합군	1
자손	1
무상	5
개	1
해당	2
아주	1
결실	28
민정이	2
단순	1
예년	2
공명	1
국가	374
전유물	1
발걸음	10
차	3
결심	6
흐름	14
환란	3
가까이	2
공멸	1
손흥민	1
결식	1
최근	33
토지	1
협력체	1
평원	1
경상수지	3
창	3
테러사태	4
초하룻날	1
이야기꽃	1
독일	5
책	5
공동선언	1
자급자족	3
기풍	14
사라	1
내외	46
졸업	5
도입	24
전도	1
부작용	5
역풍	3
정통	3
우보	1
국무위원	1
성의	4
갈라	1
국채	1
내용	11
2009년 3월	1
시동	1
특정	1
존엄성	1
본보기	1
감회	2
1972년	1
국책	3
게임	1
행정부	3
광양항	1
전폭	3
시도	4
교통난	1
매진	9
도장	1
사람	186
추이	1
인터넷	16
조원	9
계산	2
안보리	2
남북정상회담	3
사랑	59
통일	106
독자	8
계사	1
세계 경제	14
안동포	1
세원	1
고군분투	1
겁	3
세월	1
이양	3
신한국	3
구성원	1
성장	232
게	11
두바이	2
재산권	2
심기일전	1
수도권	15
자숙	1
독재	16
손발	1
둔화	4
프레스	1
민주	50
동안	109
구걸	1
노점상	1
지난달	2
최일선	1
식도	1
철	2
조율	1
크리스마스	2
배신	1
석유화학	2
격	3
상호주	1
출원	1
분립	1
축재	1
결	1
금리	9
관광객	2
고부	3
관리	39
선진	56
응징	1
경	4
발악	3
분리	2
곁	1
1월	9
원리	8
생산물	2
증시	1
도정	5
중도	3
강화	120
협상	9
확고부동	1
해도	6
반열	1
총화	8
동양	1
어민	16
부산물	1
5·18	1
도전	67
백신	5
신용보증기금	1
실패	14
구체	8
북아프리카	1
미지	3
고	1
이역	4
2월	1
물산	1
혁신	118
국경	5
성적	8
하이닉스	1
이국땅	1
중동	8
정보통신기술	1
통신비	2
곳	22
여하	2
추적	1
골병	1
과	3
무기력	1
반영	7
각료	3
관	4
채택	8
시금석	4
열풍	2
처우	3
마지막	24
적십자	2
여행	2
악진	2
검증	2
농촌	16
역할	52
발언	2
사례	11
온기	7
광	1
내외경제	1
원망	1
축적	5
축전	1
총회	1
데이터	1
투자처	1
기피	1
이것저것	1
체제 전복	1
아질	1
상향	2
총	5
통제	5
농공	1
개헌	9
조장	5
기함	1
경제개혁	5
월남전	1
코로나	33
표현	4
헌정사	4
조작	3
과목	1
인터넷 신문	1
에너지 효율	2
축제	3
정규직	13
부모	3
하락	3
5월	2
내각제	2
총력전	2
격변기	1
자신	65
양상	2
백년지계	1
수명 연장	1
취업자	4
4·19혁명	1
퇴색	1
링컨	1
교	1
기해	1
당선	7
활력	39
불만	4
식품	5
채널	1
자식	1
시행령	1
계속	55
내일	20
일체감	5
요소	11
연합	1
해외투자	1
노하우	1
바위	1
구	2
저해	3
국	10
고도화	1
군	15
개혁	202
의지	49
순간	4
고비	16
주인공	2
유신헌법	2
저항	3
현실	46
무술	1
인센티브	4
평점	1
아이디어	7
학술지	1
조절	1
조정자	1
이해관계자	2
해풍	1
금메달	4
중풍	2
택시	2
권	3
정파	3
상호	21
가름	2
버릇	2
구국	3
축	2
국교	2
합헌	1
활로	4
대국민	2
수출국	4
정당	24
이외	2
저출산	8
존재	4
가운데	60
참담	1
구출	1
창조력	2
농어민	10
형성	3
아세안	7
국권	3
아세아	3
숙청	1
감량	1
은공	2
개화	2
이용	14
처음	36
어려운 시절	1
부문	38
상환	5
가능성	13
순채	2
정보화	21
새해	406
국군	27
대사	2
명랑	2
조정	12
구축	52
심판	5
항해	1
오르막길	1
장사	7
한국행정연구원	1
귀	3
공방	1
계수	4
투명	44
은총	8
세정	1
가산금	1
내전	1
시행착오	1
모델	4
전문가	8
염두	1
동요	1
폐장	2
눈시울	1
상황	60
수고	2
봉급생활자	1
이웃	20
대상	8
양성	23
5개년 계획	16
벤처기업	10
취	1
능가	2
출전	2
회담	13
하례	1
안정세	2
학력	6
공산화	2
위기설	3
극	3
대행사	1
세제	10
옛날	8
코트	1
본회담	1
동원	3
구글	1
사용료	1
양속	1
기상이변	1
구급	3
병탐	1
금	5
극복	139
급	1
템포	1
승리	24
안녕하십니까	12
노동시장	3
마무리	24
돌파구	2
확립	24
패배	2
식민지	2
동족애	1
업무	10
보건	8
능동적	1
중등	3
인프라스트럭처	1
선수단	1
시민권	1
소비	48
노벨상	4
수교	2
윤택	2
특집	1
대전선	1
특징	1
비핵화	5
방안	18
이윤	1
인용	2
새바람	1
3저	1
대세	7
중심지	3
반응	1
위기의식	1
기	10
소프트	3
시베리아	2
메르코수르	1
까닭	4
건강	50
장성	1
이유	21
시행	17
대선	5
양극화	41
길	140
전향	2
브라질	2
격언	1
공감대	1
유년	1
지상주의	1
자본재	3
인원	1
심도	1
명령	1
천인	1
창당	3
기획	1
기회	100
정돈	1
풍년	3
지난날	19
법령	1
주량	1
총량	1
정도	37
가계부채	1
어프로치	1
국무회의	1
주문자	1
전염병	2
계승	6
지역민	1
시험	1
침	3
근본	14
아프리카	8
적화	6
억불	4
건폐율	1
원문	8
교통	4
카	1
교육 문제	2
칸	1
지식경제	7
덤핑	1
보고	10
입안	1
이의	1
제대	1
쾌거	1
다양화	1
북미	10
기후	18
웅변	4
한국교총	1
생동	1
이자	3
대한상의	4
어린이	10
사막	2
연대보증	1
천재	2
저효율	1
하루	22
유통	6
과밀	2
토착	1
장쩌민	1
인위	1
사리	3
이익	13
수출	115
재산	6
역이용	1
장소	8
장거리	2
면목	1
면모	2
방파제	1
타일	3
본격	27
재생	4
추진	148
풍토	6
사망	3
발의	1
애정	2
아지만	1
매개	1
주력	19
총력	19
투자가	1
진일보	1
멤버	1
미래지향	3
위클리	1
모두	206
양수	1
우리나라	95
갈망	1
년래	2
포악	1
목표	82
전화	2
일원	8
서거	1
전환	35
화목	2
6월항쟁	2
응용과학	2
강령	2
영주권	1
입법부	2
군기	4
도미니크	1
시혜	2
숙박업	1
노년	1
타임	1
북방	8
세계대전	1
거국	1
즐거움	2
다목적	2
신상필벌	1
욕심	4
운동복	1
재구성	1
인플레	2
방역	20
완결	3
옷깃	1
컵	8
반전	1
10년	2
존중	21
이점	2
겨울	3
이전	12
실해	1
애족	1
장수	1
변동	2
분발	18
공산주의자	15
산림	1
당시	17
지상	4
하류	1
사회적 기업	1
무분별	1
허가	3
모드	1
잠시	2
벽두	5
망국	3
한일 관계	1
절호	6
자영업자	8
인재	34
공산품	1
남북통일	1
이제	57
제도	97
부실채권	1
보험료	2
개량	1
분배	15
다양	1
용사	2
우리는 신	1
실행	6
공부	5
파산	2
리더	5
신호	2
상거래	4
사명	19
꽃	4
고2	1
매체	1
고3	1
선거	95
조직	8
게릴라	3
1990년대	2
파생	3
위험	9
상공인	6
부총리	3
허심탄회	1
사면	2
위헌	1
가뭄	1
과학기술	112
코	1
스피드 스케이팅	1
을사년	6
임완	1
수치	3
불철주야	2
전후	2
기술자들	2
중산층	20
연휴	2
콜	1
형제자매	2
본국	2
양심	2
일인	2
역량	45
한류	5
직선	1
지성	2
전화위복	6
행동	31
날개	4
신화	6
건국	10
실험	2
서광	1
영하	1
기술진	2
형식	1
우선주의	1
양식	1
배양	25
인프라	11
기술직	1
급선무	3
철저	1
조짐	8
법률	5
복귀	3
푸드	1
발전	336
광명	4
인접	1
보급	4
운명체	3
인정	21
세질	1
선결	1
서울대	1
유럽 공동체	1
일자	2
기량	1
교단	3
소상인	1
알파벳	1
자존심	5
살림	8
낙관	6
인적	1
맞춤	7
연락	1
위협	19
노벨평화상	1
두말	3
종이	2
별도	1
유능	1
민간	20
예술인	2
움직임	4
이명박	3
15년	1
여력	1
증언	2
세계은행	3
검찰	3
고삐	1
오바마	1
노란선	1
선거인단	1
보기	8
비약	4
동족	9
대승	1
일관성	1
난개발	2
건축	3
난경	1
실현	59
방울	1
지도층	7
좌우	15
최소화	2
아르헨티나	2
장식	5
국가보안법	1
발족	2
급변	3
주류	5
합력	7
런지	1
꿈	40
서구	2
국방비	4
장려금	4
너와 나	3
지속	82
선고	2
단어	1
영향	23
말하자면	5
창의력	15
피부	9
현안	5
탐욕	1
보호책	1
전락	3
교육방송	1
고생	12
초미	1
전심전력	1
느낌	4
폐지	3
희망	198
방위	10
여론	10
체온	1
충족	6
난관	19
제품	16
직속	6
대신	10
증여	1
태안	1
유대	3
다방면	1
안착	4
공비	5
거래소	1
한가운데	1
일대일	1
상도동	1
열흘	1
의거	1
일정	6
목도리	2
삼류	1
이중	1
종적	1
종전	3
웅비	6
우상	2
초반	3
프리덤	1
봄철	1
접대비	1
주름	1
코드	1
부분	13
의식주	1
국제무역	1
인종	1
데이터베이스	1
석권	1
부부	1
우산	1
불법	11
중소기업중앙회	1
억지력	2
포용	22
전략	69
회피	5
촉발	1
책동	2
언론인	1
태양	1
1987년	1
처지	4
총리	5
기록	60
설계	8
일제	1
실마리	2
테러	6
로봇	2
저력	33
경악	2
증오	2
밀착	1
지수	2
제야의 종	1
모멘텀	2
임시정부	2
테이블	1
만난	3
난국	20
교육법	1
건강보험	1
끈	2
2003년 8월	1
만남	2
작업	10
의견	6
질서	64
냉전	4
남북문제	1
연령	1
수입국	1
한국전력	2
노동력	1
봉착	1
혈안	1
끝	31
점화	1
주요국	3
정보기술	2
제자리걸음	1
미국	81
미구	1
선출	5
표류	1
우선	7
측면	10
농산물	6
영화	2
문화예술	5
일조	1
타임즈	1
장슬기	4
중흥	18
장관급	2
사무소	2
미군	4
감면	4
비온	1
자연	10
폭우	2
매뉴얼	1
끼	6
응축	1
물거품	2
향토	6
야욕	5
함구령	1
심혈	3
교포	2
신도시	1
서기	1
궁극	9
휴전선	4
우세	1
민관	3
식량	4
더하기	1
솔제니친	1
나	1
청자	1
난	1
신흥	7
날	19
동사무소	1
유동	2
살림살이	10
박근혜	1
주먹	1
전례	1
국민교육헌장	1
킥	3
남	42
제때	1
자와	1
여건하	2
자기비판	1
설교	1
전환점	5
고속	1
신지식인	2
차량	1
전력	30
일거리	1
소산	1
유도	2
결의	37
취소	1
허구	1
근무제	1
타	1
10대	1
권고	2
등장	9
베르	1
연료	2
G20	34
자승자박	1
정화	2
소생	1
우여곡절	1
등재	3
국내외	30
탓	4
시련	63
외교관	3
국립현충원	1
입장	18
재심	1
제한	5
국난	5
국제수학올림피아드	1
침투	7
절망감	1
울산	1
통감	2
좌절	15
견제	4
구태	1
학문	2
비운	1
메아리	1
1980년	2
모스크바	2
보유액	5
오늘	73
부실기업	3
정황	1
생명공학기술	1
레저	6
배율	2
심화	6
경영	26
국내	37
격조	1
비용	15
고교생	1
체육	7
과소평가	1
추가	3
전진기	1
사령부	1
가속화	11
특검	1
다음	45
이산 가족	1
임제	2
차례	15
지식	58
급속도	1
참화	2
조국애	1
지시	1
서울올림픽	6
생활	115
성찰	4
병폐	3
차떼기	1
단위	4
유언비어	1
독창	2
리필	1
동지	65
청정	1
최다	1
지난해	139
한나라당	3
2002년 12월	1
합류	1
금융시장	3
넘	1
삼면	1
작용	3
직시	8
포장	1
확보	17
누습	1
손상	2
하도급	2
중견국가	3
자웅	1
고수	3
스스로	25
무역	37
인내심	1
지급액	1
주목	8
개막	4
중소기업청	2
정보망	1
지신	1
한국과학기술단체총연합회	1
다자	1
원동력	10
야유	1
최대	30
기류	1
시범학교	2
인증	2
뉴딜	13
명물	1
한자리	2
기름	3
도처	5
승복	1
해결사	1
펀드	2
비유	1
평가	68
인지	3
념	1
작년도	1
단일팀	1
변혁	7
자원	28
생명과학	1
간병	2
중화학	8
속성	2
체재	1
개개인	6
말년	1
100년	1
요양	2
무오	1
여망	7
방종	1
자위	1
교육부	2
결정	33
물질문명	1
우수	5
사법	1
횡포	1
해로	6
비율	17
고맙습니다	1
오판	2
아기	1
운송	1
노동	27
노	14
합리	13
십자군	2
결제	1
논	1
포퓰리즘	3
도청	1
로비	2
자율	14
단일	1
변화	155
율도	1
경우	17
자유	53
기만	2
각부	2
추격	2
민족사	23
농	1
평창	4
기초노령연금	2
추천	1
개죽음	1
계엄	1
협약	2
노사분규	4
수난	2
대연정	1
집세	1
미소금융	2
경쟁의식	1
농토	1
주문	1
약자	4
설치	9
이야기	34
염려	5
진심	35
톱	2
반쪽	1
저리	1
통계	8
제5공화국	15
주변부	2
미크론	1
지휘관	1
진실	8
선도해	2
아침	60
위로	38
연마	1
배전	3
만사형통	1
스웨덴	1
실례	1
국토	28
문예	1
신뢰	49
특구	3
상면	1
분단국가	1
창조경제	7
석대로	1
경제생활	1
두려움	1
실력	6
끼니	1
만천하	1
내각	2
비자	1
항만	6
사회적 책임	2
안길	1
괴뢰	3
특권	9
폐기물	1
버팀목	5
게이트	1
체제	63
성과	109
배달민족	1
어선	2
1989년	1
청주	1
연말	16
애국선열	1
배제	5
성공	145
통과	11
승부	5
여명	4
자재	1
한미	13
효도	1
근로조건	1
눈	11
곡식	2
마다	1
입주	1
단적	1
광복	11
우승	3
솔선	6
소수	2
우방국	3
무운	3
환경기술	5
치하	36
고심	3
모략	3
참뜻	1
조건	16
왜곡	6
대기업	38
물심양면	2
민주주의	88
유한	1
마당	2
연구원	3
약점	1
경의	8
호언장담	1
동포애	5
스피드	1
현재	13
자전거 길	1
수년	3
단절	5
봉급	1
현장	18
단정	1
양자 컴퓨터	1
추구	18
전망	18
역지사지	1
경이	2
벼랑	1
공사	1
장애	7
남극	1
페널티	3
학벌	1
유해	1
분식회계	1
공산	21
호소	9
도출	1
식생활	1
관리제	2
현대건설	1
대악	1
국제경제	4
인류문명	1
비전	29
정략	4
한발	1
대안	9
생략	1
인수위	2
판단력	2
출처	8
경자	1
열매	4
경기장	2
축구	2
오래전	2
열망	9
유행	4
하우스	1
과도기	1
문제점	5
혼선	1
소지도	1
소비량	2
잔재	1
견지	4
길만	2
기획단	1
민주주의 지수	1
온도	4
애국심	10
대양	3
산학연	2
만단	1
작전	5
대우자동차	1
연명	1
김정희	1
2차대전	1
세계	590
자제	5
증좌	1
하느님	11
퇴영	1
주민	11
저명	1
공생	7
대통령	174
입증	5
방지	7
방관자	1
모로	1
만대	1
박차	16
요원	1
능	2
향도	1
주름살	1
6.25전쟁	2
콧잔등	1
정력	2
늪	1
동반자	8
경쟁	100
한번	1
환골탈태	1
혜안	1
특	2
작정	5
군사동맹	1
축출	1
틀	17
여소야대	1
입지	2
안전사고	1
토끼	1
소식	3
무자	4
소신	3
절망	2
성취	55
병행	6
존경	98
후진국	1
대업	2
무인	2
노사정	1
중립	10
자금지원	1
남침	5
임진	1
외국인	35
당원	21
대열	15
다	2
조국	99
무장	10
민·관	1
전면	6
석유난로	2
경제	791
용적률	1
대타협	4
달	12
유형	9
만족도	1
농단	1
닭	1
승승장구	2
해맞이	1
마음고생	1
공세	1
자조	12
압축	1
당	24
불퇴전	1
징수	3
자존	5
기묘	1
대	10
팀	5
유혹	1
팁	1
한복	1
80년대	3
불일치	1
이코노미스트	1
살아남기	1
파	2
민족정기	1
댐	2
팔	1
뷰티	1
미세먼지	3
교환	1
팝	2
나날	2
얼마쯤	1
부산	15
비준	5
이차	1
평균	14
척결	3
대오	1
고속철	1
결집	4
경제개발	8
재앙	1
협의회	1
전공자	2
디자인	4
당위	1
로드맵	3
신비로움	1
타개	5
셋방살이	1
리라	1
날이 갈수록	3
출구	1
동강	1
손실	6
문자	3
실리	2
나태	1
의료비	3
유류 파동	1
부상	5
보통	3
출구 전략	1
대상자	3
신용등급	5
통치	2
무적	1
비중	9
돼지갈비	1
주변	27
석탄	2
사절단	2
기본권	1
친화	13
실망	2
길목	2
연구자	1
철갑	1
동참	18
당의	1
철강	2
교훈	21
노사관계	21
대외	11
체증	2
자주	19
교육제도	1
집권당	1
뿌리	16
오프	1
학부모	3
다짐	34
배증	1
요인	14
퍼	1
협의	4
영월댐	1
이용자	1
조금	9
즉각	2
뒤편	1
군대	1
해명	1
체질	24
무술년	2
인가	3
유효	1
해인사	2
인간	16
개발	99
수능	2
개방	37
법부	1
파악	4
환경의 날	1
선택	10
대우	4
전무	1
양육	1
발돋움	4
후퇴	6
전문	10
금상	1
노동운동	2
되풀이	6
주택가	1
당일	1
백지	1
분산	4
후원자	2
신명	1
미디어	1
농도	1
물자	12
수단	8
지양	2
돈	38
세금	7
오해	2
철거	1
반공	7
경주	3
돌	1
명예혁명	1
구도	4
단지	5
계절	1
농업용수	1
영리	1
잡음	2
조선소	3
촛불	7
조기	13
제로	1
생존권	3
동	2
당장	22
위원장	12
돛	2
재연	1
기미	1
증진	7
세기	27
구텐베르크	1
동결	3
설날	5
타결	6
미사여구	1
지자체	3
생활비	1
이맘때	2
포	1
상법	1
폭	3
2003년 3월	1
타격	3
폰	3
조치	22
필사	1
문제	224
폴	1
나노	1
수당	3
합방	1
기반	75
소프트웨어	2
당쟁	1
양의	1
약진	7
표본	2
발견	6
무죄	1
장시간	1
들것	1
충천	1
퇴임	2
은덕	1
중소기업인	7
분석	2
준봉	1
1998년	2
서비스	68
학비	2
모리	1
기백	1
잠재	4
이관	1
애국	1
침해	1
시련기	1
통일주체국민회의	1
일각	3
주부	1
동계	10
나토	1
자질	3
신묘	3
홈쇼핑	1
판매액	1
파업	5
교란	2
광복절	1
현지	4
현직	2
상병	1
지연	2
당정	1
건투	2
정리	9
1999년	1
밑거름	5
적화통일	3
불사	1
용어	3
지역	88
일차	1
충격	10
실명	3
인천	1
직업	12
7.4	1
충청	1
개별	3
협정	10
혼신	13
눈앞	9
빙자	3
신문	13
대응	39
천국	2
일촉즉발	2
대의	1
정립	6
1996년	2
재외	2
인계	1
합법	3
심리	6
노후	6
마디	2
제3의 물결	2
표	14
이국	1
동족상잔	1
협조	29
나눔	1
소득세	1
대일	1
로션	1
월드컵	26
지방자치단체	7
케네디	1
의타	1
상봉	1
기법	3
인고	1
1997년	3
공정거래법	1
진면목	1
지옥	2
이권	1
풀	2
앞길	2
송구영신	1
거대	2
품	1
웹사이트	1
찬물	1
격차	25
전반	16
취약	5
빨간불	1
스승	2
불선	2
부수	1
금속	2
중요시	1
보답	5
월드컵대회	1
도쿄	1
돈이 없어	1
인과	1
공식	2
목적지	1
고이즈미	1
일체	2
접목	8
덴마크	1
종사자	8
민주당	3
뒤	18
진영	3
동구	1
후대	1
첫걸음	1
1994년	3
급속	10
경직	1
훗날	2
타국	1
수도	7
부양책	3
일격	1
의지력	4
시민	18
비무장 지대	1
자율화	1
재원	5
전방	2
형제	2
풍랑	1
취업	27
유럽	22
당리당략	1
바깥	2
실무	2
1991년	1
남북 관계	4
융합	10
교련	1
동유럽	2
발굴	10
올해	236
기복	1
탁구	1
인적 자원	1
가상	1
외채	2
청문회	1
행정중심복합도시	3
분쇄	6
시발	1
덕분	15
드	9
기본	31
산업혁명	7
조선총독부	1
확산	27
서비스업	2
아쉬움	2
경의선	1
정면	2
인구	16
아랍에미리트	2
새벽	2
혁신도시	3
최후	3
카드	10
구조조정	18
연말쯤	1
공산주의	4
월세	2
분수	1
입각	5
극비리	2
전범	1
장정	2
절반	16
지원	161
휴업	3
초석	12
여부	3
인권	10
승산	1
일괄	1
장밋빛	2
대전	6
장점	2
안녕	2
아부다비	1
프로그램	13
남남	1
죄악	1
무지	1
다양성	1
일관	10
캄보디아	1
유력	1
철도청	2
시범	1
풍력	2
신발	1
가성	1
대들보	1
와이브로	1
만행	2
역전사	1
도상국	1
네덜란드	1
첩경	6
해방	14
공동체	17
한국인	5
장학금	1
멍에	1
악영향	1
검토	7
노래	1
유례	4
피	3
의논	2
중반	3
땀	40
재임	2
기분	1
환산	1
육로	1
각성	3
땅	29
기부	1
보도	11
재일	3
백전백승	1
류현진	1
부시	5
때	238
성범죄	1
필수	12
생명	19
촉성	2
파월	5
돼지	1
보편	8
입찰	1
반칙	5
스마트 혁명	3
하	3
우연	1
학	5
파워	3
한	18
준비	58
지위	5
꽃밭	1
가락동	1
동기	1
연구개발	18
걱정거리	1
야단법석	1
진운	4
참모	1
메시지	3
일군	1
패자부활전	1
치료	1
금융 위기	1
종교	4
환상	1
부실	2
해	295
장족	2
과시	16
핵	30
고와	1
업타운	1
토대	29
이치	6
샘물	1
과실	1
임진년	2
차별	7
생물권	1
어젠다	1
다각	6
위반	2
사상	26
남녀	6
미래산업	1
도태	1
논란	1
진원	1
경축사	2
가속	2
요즘	17
신화로	1
관습	1
금융기관	9
인기	3
떡	1
향	1
향후	2
포착	1
지도력	2
금년도	7
규정	1
극대화	4
선거법	1
생활수준	1
칠레	2
위배	2
노력	326
정묘	2
해법	1
간섭	4
시간문제	2
청소년	7
외교	45
오락	1
능동	12
체감	20
허리띠	1
배가	4
총집결	1
아시안게임	19
한국경제	5
3·1	2
탈출	2
우리들의	2
집약	6
운영	31
규제	49
대한상공회의소	2
용의	4
최우선	13
고용	63
수산업	2
카나다	1
사설	1
종사원	1
미달	1
전부	3
노동법	3
프로세스	2
난파	1
생물	5
이사장	1
대주	3
미담	2
외국	25
필승	2
인류무형문화유산	1
재정	31
상승기	1
신변	2
관심	17
윤리관	1
지장	2
성명전	1
소연	2
자동차	13
변모	1
증강	3
서편	1
현	1
대중	2
유라시아	1
구현	24
주춧돌	1
거품	2
클럽	3
금융허브	1
2004년	2
제목	2
형	1
증가	28
물질	7
직장	14
교류	16
선각자	1
잡지	1
포격	1
갯벌	2
투시	1
안정위	1
깃발	3
일기	1
진인	1
에너지 절약	2
제자리	4
교육비	4
대원칙	1
서독	1
고위	3
이기심	1
농협	2
2005년	1
호	1
과학기술정책	2
혼	4
우월	1
약간	2
쇼트트랙	1
일치	8
수해	3
교리	1
지점	1
미덕	4
읽기	3
우위	4
지정	4
홍	1
편파	1
불신	7
양질	4
땀방울	3
은행	7
2002년	3
침략	15
진작	10
화	1
고유	1
만회	2
퇴직	1
억압	1
지적	17
진입	12
결과	81
구호	7
수학	5
철천지	1
동력원	1
학살	1
비참	3
용전	2
체결	12
원자력	7
자가	1
자각	3
수행	30
직접	6
게놈	1
증거	4
누적	3
여기저기	1
아시아인	1
운용	4
배격	6
파트너	3
개정안	1
소외	7
극악	1
노무현	4
직전	4
배척	1
포괄	5
취임	10
유린	2
감사	82
어업	5
체계	27
획	1
키트	1
입국	3
2000년	1
엊그제	3
치매	2
중부	1
동맹국	1
운운	1
배경	2
근면성	2
바이오	6
가슴	19
내일로	1
유망	4
정치적 자유	1
을해	2
결국	4
유랑민	1
국회	28
우의	2
가스	2
2001년	1
호랑이해	1
감산	2
버스	1
보통 사람들	2
제물	2
젊은이	13
실업자	9
지방대	1
선도	33
신분	2
학생	24
창의성	2
유학생	3
은혜	3
후	27
진정	10
훈	1
가시	7
부끄러움	1
법인세	1
단계	33
전문대	1
분위기	21
고장	2
선포	2
대지	1
진전	21
단체	15
소원	16
단결	21
안팎	16
소위	3
수협	2
참배	1
언어	1
경감	1
외침	1
낙오자	1
희생	12
병리	1
시비	10
고등교육	1
생산성	21
잠수함	1
김대중	3
노르웨이	2
가신	1
경제인	12
모범	18
명세서	1
자격	3
복합	5
갈수	2
경찰	4
내년	19
대덕연구단지	1
옛말	2
아동	4
윤리	7
융통성	2
여자 축구	1
휘	1
덴마아크	1
노릇	1
앞날	25
임금	26
수혜	1
윗물	1
청사진	2
연설일자	8
동식물	1
수확	4
중립국	1
고도성장	7
선두	9
비관	3
자계	1
죄인	1
등급	2
차별화	1
방기	1
확신	45
불평등	4
체육인	4
임기	31
가치관	3
수호	6
남녘땅	1
예방	11
뜻	48
품목	3
자체	10
공약	11
개인용 컴퓨터	2
감세	4
소프트 파워	2
박탈	1
일투족	1
방침	2
하반기	9
휴전	2
교섭력	3
특단	1
바탕	63
방치	2
이나라	1
서든	1
비자금	1
6,25	2
자초	2
소임	5
사스	4
폴란드	2
최종영	1
제반	5
공업	19
시너지	1
정보	31
감소	10
센터	5
인공지능	1
방과후학교	2
공무원	24
3년	3
남파	1
보험	11
마련	74
배출	6
변방	1
미풍	1
다극	1
재질	1
7월 1일	1
고조	4
경청	2
골인	2
보상금	3
히	1
안동	1
스튜어드	1
2009년	8
빈곤	14
환심	1
무참	1
피안	1
책무	1
정복	7
힘	194
비교	11
진흥회	1
성매매	1
매듭	2
온난화	4
선수권 대회	1
사실	59
순화	1
진주	1
유도탄	1
도당	1
세계화	20
마찬가지	9
순환	6
논리	8
선진국	82
가계부	4
당사자	2
이남	5
하나님	6
새마을	7
공존공영	2
5년	1
유니콘	2
경계	7
이날	1
주석	4
소재	10
공영	6
단추	1
총선	12
단축	6
도달	4
고등학교	4
서해	1
자국	1
시애틀	1
웃옷	1
보호	43
밀도	1
친목	1
계간	1
부정부패	8
경고	2
사심	1
한마음	6
이내	5
짐작	1
관료주의	1
탈바꿈	4
생활 수준	1
인사회	5
포기	11
강대국	1
부안	1
전후방	3
몸조심	1
동북아시아	4
그림자	2
생태계	10
2008년	1
러	2
7년	1
태평양	10
평창동	3
회복	91
석박사	1
궁핍	2
종업원	1
광신	1
경제성장률	2
살수	6
전문연구요원	1
강소	1
호응	9
부양	11
충남	1
도덕	8
태국	1
유무	1
낭패	1
한계선	1
성패	4
조총련	3
정부	607
지지	19
최전방	2
지진	2
감수	4
자축	1
컴퓨터	6
설득	6
비극	8
최루탄	1
인내	13
상생	37
련	1
과언	1
야기	2
기쁨	29
대도시	1
오만	2
천년	1
발탁	1
동태	1
상상	1
아들	1
무고	1
반년	1
배치	4
례	1
근원	7
피비린내	1
자주성	1
이념	26
역사	155
아픔	5
금액	1
국력	65
참모습	1
후회	2
물가	43
우주	1
개발비	3
민정당	4
과업	46
오랜동안	1
단기	8
자금	15
자급	1
조달	6
학습	4
부가가치	8
러닝	1
기사	3
제주도	1
경축	1
과열	5
공원	1
분야	127
자극	3
선행	2
요건	4
부귀영화	1
부여	5
평판	1
동네	1
집적지	1
수식어	1
개성	1
요청	10
총수	5
우리시대	1
6월 항쟁	2
기상	11
국론	2
새시대	3
완화	29
소비문화	1
작금	3
핵실험	1
개선	77
미사일	3
행보	1
행복	83
세트	1
무상교육	1
개설	2
피와	6
현금	3
보유국	3
경쟁력	126
애벌레	1
초고속	6
인턴	5
그럼에도 불구하고	5
박용성	4
학자금	4
수량	1
노무	1
깊은 슬픔	1
물건	3
불씨	5
요체	4
4월 21일	1
금융위기	8
고령화	14
한부모	1
과오	2
이산가족	4
세종대왕	1
취지	1
희생정신	4
혼자	3
기술혁신	11
역설	3
인류사	1
세대	46
자치	6
의료진	6
돌파	11
호전	3
분업	1
생활인	1
불안	47
정비	15
감시	3
원양	3
대한민국	149
여성	84
재분배	1
공유	4
명시	1
물결	19
센트	1
유발	3
분열	10
단결력	1
명실	1
뽑기	1
소비세	1
경제국	1
어제	7
웃음	5
동토	1
악조건	3
상속	1
미래상	1
통화 스와프	1
갑신	3
고질	4
한순간	2
모금회	1
선호	2
근자	3
문화면	2
굴레	1
준수	1
폐단	1
대강	2
수렴	3
평가사	1
경기	76
신뢰도	1
수련	1
얼음	1
10년 후	4
육박	1
철통	3
자긍심	2
보람	46
명심	12
장갑	2
대가	12
급여	4
압도	1
휴직	1
한시	2
밤낮	1
기세	1
억제	6
남북공동선언	3
2020년	1
호조	1
괴산고등학교	1
성취도	3
예비	2
추진단	1
겨냥	1
공작	1
하나로	1
연설	12
일터	5
브랜드	8
다문화가정	1
어려움	134
전사	1
원자력 발전소	2
2021년	2
김연아	3
공익	4
필연	2
공인	4
안함	1
당초	5
불어	1
장차	1
장착	1
거래	10
요구	25
경신년	1
편협	1
씨름	1
공장	11
권한	5
바다	2
시사	1
적성	2
예비군	6
미화	1
첫날	2
일념	1
침몰	1
대책	49
류	1
홍역	2
잔치	1
낙후	7
수록	1
사용자	3
조선왕조	1
막바지	6
스마트	13
백혈병	1
한민족	15
가야	1
무기	5
지식수준	2
욕구	3
주실	12
르	1
법질서	2
만리	2
자주국방	6
주식	7
동해선	1
집중	38
주시	2
런던	1
버스비	1
당국	5
전선	4
쇄신	3
연속	13
지방소비세	1
박람회	2
대처	30
특권층	1
이때쯤	1
부위	1
근절	2
위대한 사회	1
2000년 9월	1
지구상	1
절상	1
대공황	3
남한	2
대체	1
소질	3
대결	15
소지	1
전세	2
청탁	1
선수촌장	2
적소	1
여수	2
악화	4
공적	1
관용	1
정치 자금	1
신질서	7
마이스터	5
성숙성	1
부응	8
패전	1
막	7
중상	2
필요	98
유보	2
꿈나무	1
퇴직자	1
다변화	5
말	174
시설	17
간악	1
신사	1
공정	67
나흘	1
길거리	1
맘	1
부음	1
맛	1
시선	1
한동안	1
소집	2
망	5
호주	1
이달	3
가열	1
대공	1
장관	8
안면도	1
양국	11
계층	32
기술	89
신생	1
차세대	13
재개	8
생활공간	2
요금	1
부인	2
갑오년	3
봉사자	1
과학자	34
나라	369
지원금	2
전기차	3
계기	39
의혹	2
관심도	1
대규모	4
기숙	1
기수	3
정치인	10
침략자	1
반대	16
상승	15
국세청	2
도하	1
결탁	1
사안	2
부자	3
공존	9
하나라	4
리더십	2
학자금 대출	1
그중	3
공조	10
폄하	1
울진	2
.kr	1
나래	1
2016년	1
과잉	3
찬사	5
뒷받침	24
모험주의	2
표시	4
몸부림	2
삼위일체	5
손질	1
상시	4
상식	3
위상	30
교부	1
노벨	2
지난번	5
밥통	1
애니메이션	1
2018년	1
우호협력	1
의회	1
청년	41
이상의	1
맥락	1
연수	3
해서	3
퇴출	1
해석	1
특허	1
능력	50
불용	2
금융	39
영일이	1
한국은행	1
불운	2
부재	1
지원책	2
과장	5
불우	1
신세	2
흑자	30
실상	1
새 시대	15
발달	3
원유	1
멋	1
중화학공업	1
통합	35
재건	11
평등	4
가와	1
개시	2
각오	31
리커창	1
경제협력개발기구	3
군림	2
손짓	1
상실	4
신설	4
차입금	2
멜	1
백지화	1
발판	14
보루	2
초고속 인터넷	1
충당	2
잉태	2
모험심	4
농어업	2
번영	102
장군	3
외교정책	1
면	31
열쇠	2
2015년	1
적수공권	1
축하	12
훈련	7
대구	2
대국	14
애도	1
현실정치	1
장구	1
재계	2
사업	52
중소	7
부정	14
해소	28
대축	1
전술	2
주머니	1
배타	1
클러스터	3
대출	5
과정	30
산아	1
소걸음	1
로이	2
기습	1
굶주림	1
눈높이	2
인당	13
특혜	2
대권	3
분자	1
찬성	2
특화	4
쌍방	5
43년	1
울타리	4
양측	4
목	1
온국민	1
분쟁	1
몫	5
정해진	1
원인	12
관장	1
국면	4
억지	1
환영	5
2013년	1
과제	99
궤도	6
신속	7
미래	127
몸	3
합심	25
반도	4
못	2
활약	1
친북	1
수립	17
투입	8
업적	12
자주독립	1
재촉	3
불의	6
태블릿 PC	1
우즈베키스탄	1
아래	17
주한미군	4
근검절약	1
규제 개혁	6
개성공단	3
비난	7
장소라	1
2010년	4
민족애	1
홍익	1
초월	5
전환기	8
매력	2
원자	2
서로	24
주거비	1
토론	5
사연	1
연습	7
9월 15일	1
남녀평등	1
사각지대	2
적시	1
조항	1
일당	2
부족	24
부조	1
동편	1
광역	4
껍데기	1
경찰관	2
지체	1
자기희생	4
2011년	2
일단	1
북한산	1
기후 변화	1
영상	7
이동	2
투자	159
구직자	3
초유	2
디스플레이	1
올림피아드	2
체념	1
관점	2
공직자	4
일파	1
절수	1
득표	1
산업	170
민주화	10
내핍	2
투쟁	10
완료	4
근로자	56
착수	8
직결	4
동독	1
2004년 7월	1
국제경영개발원	2
일대	3
고강	1
패러다임	7
동포	157
통화	3
대기	6
고객	1
거리	9
철폐	3
교통사고	3
허탈감	1
원전	1
감안	1
안락	1
실속	1
연합회	2
장기	17
무	1
침범	1
모색	5
문	13
선례	1
미력	1
파견	4
물	24
권위주의	5
개발원조위원회	1
철도	5
본궤도	1
법안	5
월장	1
1998년 2월	1
장치	5
진척	3
능률	16
직공	1
대치	4
파고	5
영세	7
약소민족	1
가을	3
로스카보스	1
정상	32
인도	16
휴가	11
심사	5
짜증	1
첨단	24
고착	1
12월 31일	1
에도 주	1
질책	1
사용	9
유연성	5
물꼬	5
애국가	1
보유고	1
생산	47
참사	1
행위자	1
특허청	3
시장 구조	2
업종	2
공직	14
자화상	1
실용주의	1
매료	1
얘기	16
연금법	1
각인	1
하락세	1
프리랜서	1
가입	11
성과급	1
생색	1
학업	7
실효성	1
경남	1
징벌적 손해배상	1
예상	18
정성	13
자녀	6
진공	1
가맹점	1
미국의 법	1
실수	6
학연	2
회상	1
코리아 디스카운트	2
예산	55
가장	1
평화	204
파괴	4
경탄	2
의료보험	2
애플	1
지구	17
대물림	2
원조	22
노심초사	1
각자	16
판결	1
회사	3
내시경	1
자원봉사	3
긍정	11
김영삼	3
정서	2
단시일	1
2004년 4월	2
백두대간	1
지출	21
동북아	30
토착화	1
승인	2
만방	3
환율	18
작년	94
회생	3
다툼	1
반등	2
군무	2
교착 상태	1
정상회담	10
활용	19
발표	12
국민감정	1
확인	11
만반	2
정세	30
제·개정	1
건립	1
사법부	3
다른 나라에서	1
이공계	9
폐허	6
중심	43
도의심	1
임대	3
확장	3
생성	2
사유	1
소각	1
일치단결	3
9.11	1
승자	1
뒷말	1
이득	2
출현	1
중시	1
강압	1
환태평양	1
미	20
자부심	6
믹	1
왕래	2
생선	10
해병대	1
참석	11
총액	1
조화	10
불장난	2
가정	96
질곡	1
대다수	1
관중	1
생활신조	1
권력	30
핵심	43
의론	1
밑	3
산유국	1
초점	1
블랙	1
키워드	2
박	2
밖	18
햇살	3
반	12
농민	6
좌파	3
구미	1
발	18
재기	1
핵무장	1
환자	4
밤	2
갑오	2
방	5
후면	1
플로리다	1
밭	1
결단	8
생활환경	2
배	34
왈가왈부	1
사의	3
명예	5
무역주	3
진군	1
서막	1
등대	1
국민	1135
출발선	2
고초	2
불확실성	10
면제	3
이때	6
위시	6
진출	24
도래	2
정부위원	1
위신	2
격동	8
국방	22
후진타오	1
매립	1
사이	18
지급	7
중국화	1
지금	103
남녀노소	1
부진	3
부지	1
비누	1
행사	14
4대강	11
부질	1
망명	1
예산안	1
실시	27
사장	1
모순	1
가족	24
암흑	1
고교	4
파급	1
주역	14
상품권	1
추진력	2
갑술년	1
새마을 운동	4
의료	19
추락	1
초조	3
광의	1
한민구	1
정치가	3
집값	7
확정	2
서문시장	1
이하	5
응집력	2
발전상	1
앞으로	24
책임자	5
난리	1
목숨	4
선린	1
베이스	1
이행	6
법	41
광이	1
벗	3
이해	22
고국	6
간접	3
원어민	1
화랑도	1
생각하는 사람	1
창설	3
철학	4
광장	2
기업주	1
동해	1
금지	3
활자	2
각종	18
12월 6일	1
수돗물	3
엔저	2
하위	1
개헌안	2
마음을 열고	4
벽	6
진취	2
자국민	1
아이티	2
특례	1
만복	27
12월 30일	2
용기	50
애호	1
서면	1
사전	5
캐나다	1
6호	1
위원회	18
미만	3
공급자	1
음모	1
동행	1
복무	1
군사력	6
구별	7
사적	1
당내	1
급진	1
터전	10
발해	1
병	1
오늘날	11
올림픽	20
호가	2
십수	1
교역국	1
이대로	1
어가	1
고급화	1
감원	1
명운	4
병원비	1
목소리	4
선진화	22
산재	3
야당	12
범위	5
독려	1
몸살	1
일등	18
자유무역협정	4
문턱	6
사정	9
서명	2
복	68
침략주의자	1
인하	1
여러분	71
감염병	2
볼	1
희원	1
허리	1
예술	11
주요	14
설립	2
가중	1
봄	1
곤궁	1
여야	14
강요	4
투지	3
도로	2
허망	1
여행자	1
드라마	1
디지털화	4
천혜	1
그간	15
모습	23
증대	13
멸종	1
적성국	1
수발	2
고취	2
시진핑	1
광대역	1
측은	1
흡족	1
비대	1
탄핵	1
혁파	1
함양	3
혁명기	1
큰소리	1
졸업생	2
상업	1
고급	11
개업	1
악순환	3
고금	1
해결책	3
연안	2
주월	1
게로	1
긍지	25
눈치	1
산적	2
교사	4
과학의 날	1
세계사	14
흥정	1
타협	20
순환출자	2
의리	1
디지털	7
학자	1
강원	1
변수	1
장애아	1
공권력	2
동해안	1
피츠버그	1
기약	11
비판	10
매몰	1
살인	2
통로	1
건물	3
2006년 11월	1
수범	1
현대	4
산악인	1
압력	1
마비	1
탈피	3
정식	1
정신	69
도로망	1
형태	9
불모지	2
기업	253
부	4
북	4
한인	7
유산	7
불	7
갑자	2
빛나	1
나무	2
구분	1
기억	12
군복	1
붐	3
기어	1
법인	1
순방	4
현판	1
최빈국	1
종합	38
근간	6
대내	1
명실상부	10
자유세계	1
국부	1
기여	38
농어가	1
보배	1
배포	1
맺음말	1
조력	1
공감	3
개와	1
권리	7
수년간	2
불개입 원칙	1
한일	5
공간	3
이순신	1
다음달	1
대남	3
어촌	8
촉진	26
집권	6
후발	2
인화	2
주의	10
전액	7
학정	3
단편	1
이후	42
사주	2
교섭	2
각지	1
단독	2
여와	1
시멘트	4
풍상	1
후반	3
채소	2
공개	4
지역구	1
관세청	1
1/3	9
근거	4
약동	3
주인	14
무능	2
묘혈	1
시스템	18
증폭	1
바람	12
상공회의소	4
대내외	5
세력	21
철회	1
혁명의 시대	4
죽음	2
후배	1
설명	5
학제	1
후방	4
언제쯤	1
발전소	3
미합중국	1
갑절	3
기와	3
군부	1
충효	1
병상	3
단기간	2
행복합니다	1
주자	4
강자	2
아라사	2
상용	3
근검	2
국민대	1
확진	2
박정희	17
발효	1
종합과세	1
광주	3
일거일동	1
자기도취	1
노사	48
보조인	1
한정	2
그동안	63
기업인	72
연평균	2
뉴딜정책	1
육성	44
간직	1
주재	4
응원단	1
민방위	1
호국	1
첫해	6
주장	29
총장	1
남만	1
승진	2
명절	5
가입자	1
총재	2
변신	2
개발원조	1
시야	2
소기	1
한국체육대학	1
일화	1
공격	3
5공화국	4
방한	3
일환	3
12월 27일	1
루머	1
빈	1
퍼센트	1
참여자	4
공천	4
제시	16
활력소	3
폭풍	1
빚	1
세계열강	1
혜택	16
빛	11
무대	10
부조리	3
쟁취	5
사교육비	13
국비	2
태동	1
녹색	36
상유	1
재난	4
엔진	2
발휘	44
법조	1
절약	21
국빈	2
허물	2
작동	1
태도	15
중앙	3
전역	1
코펜하겐	2
곳곳	12
기관장	1
서민	71
안목	1
상위	5
방해	2
중압	1
이집트	1
도리	2
테두리	1
부강	2
외형	1
신약	1
해양	2
애당심	1
일회	1
방향	22
취임사	1
독립	7
강점	2
한족	1
기운	12
거보	2
이락	1
담당	4
기술력	8
이란	2
중견기업	1
부각	2
부가	1
9월 25일	1
주저	8
시장경제	18
국정연설	1
타락	1
인공위성	1
박력	1
범죄	4
상응	2
덕이	1
후보	6
횡성	1
여유	6
사회생활	1
결합	4
유비무환	1
손길	1
체득	1
강제	2
전략산업	6
기원	124
공공	34
메카	1
주제	1
대우건설	1
노선	1
폭등	2
부착	1
재택근무	1
지나	2
의무	4
외화	1
6.15	2
오늘 나는	1
개인	11
갖가지	9
적용	6
할부금	1
동란	3
2022년	2
상수원	1
부채	8
섬멸	1
혼란기	1
위안	1
교수	2
격화	3
유수	5
교육열	2
완벽	2
과거	43
제네바 협정	1
6.25	2
동서로	1
호기	1
애로	3
불가결	4
중역	1
포함	19
아무것	8
함의	1
선박	2
강조	19
조류	3
절연	1
나침판	1
공명선거	8
스트로스	1
피격	1
의문	3
외환	44
급성장	1
70년대	4
매출액	1
우루과이 라운드	1
찬양	4
최상	3
개입	3
노소	1
착오	2
작풍	1
거부	5
국제무대	3
뼈	1
여일	1
선배	2
부처	10
선방	1
글로벌	31
시간권	1
합의	34
본격화	6
금강	1
포항	2
반려	1
상장	1
직업의식	1
지탄	1
얼굴	1
파탄	23
일거수	1
지탱	1
밀물	2
태풍	1
어깨	9
하나하나	4
불가침	1
당대	1
피곤	2
다행	3
산업화	6
과천	1
용납	8
상쟁	1
여자	3
인적자원	8
전용	2
등록금	1
선호도	2
상대방	1
언급	1
북경	1
재건축	1
임대료	1
전원	2
위업	3
제2공화국	1
찬연	1
최선	100
반론	2
시월	2
타령	1
관건	4
남과 북	12
국회의원	7
2류	1
적응	7
자유민	6
송곳	1
제3세계	1
개정	13
상정	1
성명	1
흡수력	1
교습	1
파이프라인	1
도모	8
이론	2
수사처	1
기자	1
방황	2
실업	13
제조업	7
동력	24
땅값	1
후유증	6
패권	1
교실	6
우리 아버지	1
메콩	1
비하	2
유일한	5
업계	2
모아	1
보호법	1
구매력	1
경기도	2
평등의 원칙	1
연일	1
10월 유신	2
을축년	2
단합	28
업체	3
주주	1
궂은일	1
연이	1
일자리	181
해외	80
중외	2
본부	1
공급	34
여성부	5
잣대	1
향상	46
고난	11
종래	1
연장	6
발자취	2
시위	3
차원	18
채권국	2
여정	1
이사국	1
프로젝트	7
외교력	1
인력	24
관철	1
대표단	1
단행	7
적자	9
함정	1
드라이브 스루	1
의미	26
방사능	1
판가름	1
중요	7
숭배	2
체험	5
대의원	1
용산기지	1
개조	2
마루턱	1
외환보유고	6
기적	14
북괴	18
기저	1
새장	1
민주공화국	6
갑진	3
물가고	3
할머니	9
우수성	5
영어	1
상존	1
아랫물	1
공기	2
탄탄대로	2
관계	92
존립	2
신용	12
비행	1
원천	18
유신	45
해운	1
국제 관계	1
역점	8
경제난	5
자아실현	2
이룬	2
초가	4
자행	3
대답	6
참여율	1
긴장	33
경제 체제	3
협동	12
세월호	1
홍천	1
장담	2
국부펀드	1
열의	1
자해	1
산재보험	1
영업	1
하루아침	2
인천공항	1
모양	4